Road Status,State Name,State FIPS,County,County FIPS,Tract Name,Tract GeoID,Median income (est.),Median income (margin of error)
0,Iowa,19,Adair County,1,9601,19001960100,"$45,093.00","$5,000.00"
0,Iowa,19,Adair County,1,9602,19001960200,"$51,944.00","$3,413.00"
0,Iowa,19,Adair County,1,9603,19001960300,"$43,542.00","$2,514.00"
0,Iowa,19,Adams County,3,9501,19003950100,"$53,996.00","$2,144.00"
0,Iowa,19,Adams County,3,9502,19003950200,"$42,674.00","$2,772.00"
0,Iowa,19,Allamakee County,5,9601,19005960100,"$45,417.00","$8,761.00"
0,Iowa,19,Allamakee County,5,9602,19005960200,"$53,017.00","$3,632.00"
0,Iowa,19,Allamakee County,5,9603,19005960300,"$40,034.00","$3,413.00"
0,Iowa,19,Allamakee County,5,9604,19005960400,"$53,385.00","$8,054.00"
0,Iowa,19,Allamakee County,5,9605,19005960500,"$43,650.00","$9,288.00"
0,Iowa,19,Appanoose County,7,9501,19007950100,"$47,065.00","$3,134.00"
0,Iowa,19,Appanoose County,7,9502,19007950200,"$42,039.00","$3,489.00"
0,Iowa,19,Appanoose County,7,9503,19007950300,"$29,904.00","$8,393.00"
0,Iowa,19,Appanoose County,7,9504,19007950400,"$41,468.00","$11,163.00"
0,Iowa,19,Appanoose County,7,9505,19007950500,"$49,338.00","$4,751.00"
0,Iowa,19,Audubon County,9,701,19009070100,"$54,638.00","$4,080.00"
0,Iowa,19,Audubon County,9,702,19009070200,"$39,432.00","$6,427.00"
0,Iowa,19,Audubon County,9,703,19009070300,"$43,750.00","$3,292.00"
0,Iowa,19,Benton County,11,9601,19011960100,"$71,801.00","$8,453.00"
0,Iowa,19,Benton County,11,9602,19011960200,"$62,228.00","$5,545.00"
0,Iowa,19,Benton County,11,9603,19011960300,"$49,171.00","$5,367.00"
0,Iowa,19,Benton County,11,9604,19011960400,"$67,847.00","$12,459.00"
0,Iowa,19,Benton County,11,9605,19011960500,"$76,167.00","$3,794.00"
0,Iowa,19,Benton County,11,9606,19011960600,"$67,520.00","$6,364.00"
0,Iowa,19,Benton County,11,9607,19011960700,"$41,438.00","$8,395.00"
0,Iowa,19,Black Hawk County,13,1,19013000100,"$12,424.00","$1,875.00"
0,Iowa,19,Black Hawk County,13,2,19013000200,"$31,626.00","$3,499.00"
0,Iowa,19,Black Hawk County,13,3,19013000300,"$26,980.00","$5,682.00"
0,Iowa,19,Black Hawk County,13,4,19013000400,"$41,667.00","$9,629.00"
0,Iowa,19,Black Hawk County,13,5,19013000500,"$30,036.00","$4,286.00"
0,Iowa,19,Black Hawk County,13,7,19013000700,"$28,750.00","$7,155.00"
0,Iowa,19,Black Hawk County,13,8,19013000800,"$37,405.00","$4,703.00"
0,Iowa,19,Black Hawk County,13,9,19013000900,"$32,310.00","$3,361.00"
0,Iowa,19,Black Hawk County,13,10,19013001000,"$45,191.00","$5,003.00"
0,Iowa,19,Black Hawk County,13,11,19013001100,"$48,077.00","$7,364.00"
0,Iowa,19,Black Hawk County,13,12,19013001200,"$48,071.00","$9,886.00"
0,Iowa,19,Black Hawk County,13,13.01,19013001301,"$40,114.00","$7,836.00"
0,Iowa,19,Black Hawk County,13,13.02,19013001302,"$54,464.00","$5,859.00"
0,Iowa,19,Black Hawk County,13,14,19013001400,"$65,962.00","$9,468.00"
0,Iowa,19,Black Hawk County,13,15.01,19013001501,"$49,490.00","$3,075.00"
0,Iowa,19,Black Hawk County,13,15.02,19013001502,"$50,068.00","$5,895.00"
0,Iowa,19,Black Hawk County,13,15.03,19013001503,"$54,085.00","$5,368.00"
0,Iowa,19,Black Hawk County,13,16,19013001600,"$41,944.00","$6,643.00"
0,Iowa,19,Black Hawk County,13,17.01,19013001701,"$29,104.00","$3,719.00"
0,Iowa,19,Black Hawk County,13,17.02,19013001702,"$38,088.00","$7,771.00"
0,Iowa,19,Black Hawk County,13,18,19013001800,"$26,250.00","$4,428.00"
0,Iowa,19,Black Hawk County,13,19,19013001900,"$36,149.00","$4,875.00"
0,Iowa,19,Black Hawk County,13,20,19013002000,"$43,824.00","$3,323.00"
0,Iowa,19,Black Hawk County,13,22,19013002200,"$59,412.00","$10,284.00"
0,Iowa,19,Black Hawk County,13,23.01,19013002301,"$53,846.00","$11,195.00"
0,Iowa,19,Black Hawk County,13,23.03,19013002303,"$22,857.00","$8,051.00"
0,Iowa,19,Black Hawk County,13,23.04,19013002304,"$41,750.00","$4,496.00"
0,Iowa,19,Black Hawk County,13,24,19013002400,"$61,490.00","$4,350.00"
0,Iowa,19,Black Hawk County,13,25,19013002500,"$57,550.00","$14,612.00"
0,Iowa,19,Black Hawk County,13,26.01,19013002601,"$50,870.00","$6,077.00"
0,Iowa,19,Black Hawk County,13,26.03,19013002603,"$65,208.00","$13,807.00"
0,Iowa,19,Black Hawk County,13,26.04,19013002604,"$56,750.00","$3,552.00"
0,Iowa,19,Black Hawk County,13,27,19013002700,"$63,012.00","$3,009.00"
0,Iowa,19,Black Hawk County,13,28,19013002800,"$69,000.00","$8,613.00"
0,Iowa,19,Black Hawk County,13,29.01,19013002901,"$57,750.00","$6,831.00"
0,Iowa,19,Black Hawk County,13,29.02,19013002902,"$51,849.00","$4,224.00"
0,Iowa,19,Black Hawk County,13,30.01,19013003001,"$51,458.00","$9,617.00"
0,Iowa,19,Black Hawk County,13,30.02,19013003002,"$78,438.00","$6,584.00"
0,Iowa,19,Boone County,15,201,19015020100,"$70,588.00","$17,842.00"
0,Iowa,19,Boone County,15,202,19015020200,"$47,306.00","$5,700.00"
0,Iowa,19,Boone County,15,203,19015020300,"$44,453.00","$12,162.00"
0,Iowa,19,Boone County,15,204,19015020400,"$46,420.00","$6,275.00"
0,Iowa,19,Boone County,15,205,19015020500,"$59,659.00","$6,302.00"
0,Iowa,19,Boone County,15,206,19015020600,"$71,442.00","$11,293.00"
0,Iowa,19,Boone County,15,207,19015020700,"$51,536.00","$6,319.00"
0,Iowa,19,Bremer County,17,40,19017004000,"$34,271.00","$8,786.00"
0,Iowa,19,Bremer County,17,41,19017004100,"$81,000.00","$7,000.00"
0,Iowa,19,Bremer County,17,42,19017004200,"$55,564.00","$5,408.00"
0,Iowa,19,Bremer County,17,43,19017004300,"$63,529.00","$7,148.00"
0,Iowa,19,Bremer County,17,44,19017004400,"$58,571.00","$7,189.00"
0,Iowa,19,Bremer County,17,45,19017004500,"$67,217.00","$4,174.00"
0,Iowa,19,Bremer County,17,46,19017004600,"$67,803.00","$8,761.00"
0,Iowa,19,Bremer County,17,47,19017004700,"$52,067.00","$6,518.00"
0,Iowa,19,Buchanan County,19,9501,19019950100,"$52,731.00","$4,147.00"
0,Iowa,19,Buchanan County,19,9502,19019950200,"$51,307.00","$7,202.00"
0,Iowa,19,Buchanan County,19,9503,19019950300,"$59,145.00","$5,525.00"
0,Iowa,19,Buchanan County,19,9504,19019950400,"$51,875.00","$4,848.00"
0,Iowa,19,Buchanan County,19,9505,19019950500,"$51,278.00","$8,284.00"
0,Iowa,19,Buchanan County,19,9506,19019950600,"$69,886.00","$9,148.00"
0,Iowa,19,Buena Vista County,21,9601,19021960100,"$47,500.00","$5,343.00"
0,Iowa,19,Buena Vista County,21,9602,19021960200,"$51,094.00","$2,449.00"
0,Iowa,19,Buena Vista County,21,9603,19021960300,"$57,292.00","$6,630.00"
0,Iowa,19,Buena Vista County,21,9604,19021960400,"$40,394.00","$4,799.00"
0,Iowa,19,Buena Vista County,21,9605,19021960500,"$49,722.00","$3,712.00"
0,Iowa,19,Buena Vista County,21,9606,19021960600,"$54,598.00","$7,566.00"
0,Iowa,19,Butler County,23,701,19023070100,"$55,117.00","$6,146.00"
0,Iowa,19,Butler County,23,702,19023070200,"$51,472.00","$4,113.00"
0,Iowa,19,Butler County,23,703,19023070300,"$53,776.00","$3,004.00"
0,Iowa,19,Butler County,23,704,19023070400,"$46,400.00","$3,830.00"
0,Iowa,19,Butler County,23,705,19023070500,"$58,547.00","$4,352.00"
0,Iowa,19,Calhoun County,25,9501,19025950100,"$42,348.00","$5,992.00"
0,Iowa,19,Calhoun County,25,9502,19025950200,"$42,453.00","$3,311.00"
0,Iowa,19,Calhoun County,25,9503,19025950300,"$49,663.00","$4,327.00"
0,Iowa,19,Calhoun County,25,9504,19025950400,"$44,926.00","$5,951.00"
0,Iowa,19,Carroll County,27,9601,19027960100,"$64,073.00","$2,726.00"
0,Iowa,19,Carroll County,27,9602,19027960200,"$59,559.00","$2,409.00"
0,Iowa,19,Carroll County,27,9603,19027960300,"$45,000.00","$10,760.00"
0,Iowa,19,Carroll County,27,9604,19027960400,"$41,520.00","$6,464.00"
0,Iowa,19,Carroll County,27,9605,19027960500,"$53,182.00","$5,917.00"
0,Iowa,19,Carroll County,27,9606,19027960600,"$46,940.00","$4,048.00"
0,Iowa,19,Cass County,29,1901,19029190100,"$48,750.00","$2,988.00"
0,Iowa,19,Cass County,29,1902,19029190200,"$51,641.00","$4,896.00"
0,Iowa,19,Cass County,29,1903,19029190300,"$44,848.00","$3,931.00"
0,Iowa,19,Cass County,29,1904,19029190400,"$42,083.00","$5,865.00"
0,Iowa,19,Cass County,29,1905,19029190500,"$34,544.00","$7,307.00"
0,Iowa,19,Cedar County,31,4501,19031450100,"$55,606.00","$4,401.00"
0,Iowa,19,Cedar County,31,4502,19031450200,"$58,327.00","$2,712.00"
0,Iowa,19,Cedar County,31,4503,19031450300,"$54,267.00","$6,004.00"
0,Iowa,19,Cedar County,31,4504,19031450400,"$59,871.00","$4,168.00"
0,Iowa,19,Cedar County,31,4505,19031450500,"$62,115.00","$3,768.00"
0,Iowa,19,Cerro Gordo County,33,9501.02,19033950102,"$45,422.00","$7,096.00"
0,Iowa,19,Cerro Gordo County,33,9502,19033950200,"$43,645.00","$5,473.00"
0,Iowa,19,Cerro Gordo County,33,9503,19033950300,"$34,871.00","$5,174.00"
0,Iowa,19,Cerro Gordo County,33,9504.02,19033950402,"$38,696.00","$7,101.00"
0,Iowa,19,Cerro Gordo County,33,9506,19033950600,"$60,714.00","$8,074.00"
0,Iowa,19,Cerro Gordo County,33,9507,19033950700,"$56,649.00","$8,133.00"
0,Iowa,19,Cerro Gordo County,33,9508,19033950800,"$48,583.00","$11,253.00"
0,Iowa,19,Cerro Gordo County,33,9509,19033950900,"$65,208.00","$14,179.00"
0,Iowa,19,Cerro Gordo County,33,9510,19033951000,"$49,125.00","$4,291.00"
0,Iowa,19,Cerro Gordo County,33,9514,19033951400,"$70,109.00","$6,909.00"
0,Iowa,19,Cerro Gordo County,33,9516,19033951600,"$47,727.00","$4,367.00"
0,Iowa,19,Cherokee County,35,801,19035080100,"$42,780.00","$8,098.00"
0,Iowa,19,Cherokee County,35,802,19035080200,"$56,047.00","$3,939.00"
0,Iowa,19,Cherokee County,35,803,19035080300,"$58,922.00","$4,515.00"
0,Iowa,19,Cherokee County,35,804,19035080400,"$51,300.00","$5,918.00"
0,Iowa,19,Chickasaw County,37,701,19037070100,"$51,098.00","$3,756.00"
0,Iowa,19,Chickasaw County,37,702,19037070200,"$52,969.00","$7,378.00"
0,Iowa,19,Chickasaw County,37,703,19037070300,"$48,250.00","$6,245.00"
0,Iowa,19,Chickasaw County,37,704,19037070400,"$41,398.00","$3,316.00"
0,Iowa,19,Clarke County,39,9601,19039960100,"$39,943.00","$4,310.00"
0,Iowa,19,Clarke County,39,9602,19039960200,"$46,131.00","$9,935.00"
0,Iowa,19,Clarke County,39,9603,19039960300,"$52,171.00","$9,105.00"
0,Iowa,19,Clay County,41,801,19041080100,"$56,765.00","$5,679.00"
0,Iowa,19,Clay County,41,802,19041080200,"$41,294.00","$4,619.00"
0,Iowa,19,Clay County,41,803,19041080300,"$53,352.00","$8,135.00"
0,Iowa,19,Clay County,41,804,19041080400,"$61,648.00","$3,750.00"
0,Iowa,19,Clayton County,43,701,19043070100,"$48,214.00","$3,902.00"
0,Iowa,19,Clayton County,43,702,19043070200,"$46,117.00","$4,008.00"
0,Iowa,19,Clayton County,43,703,19043070300,"$48,993.00","$3,960.00"
0,Iowa,19,Clayton County,43,704,19043070400,"$43,343.00","$5,078.00"
0,Iowa,19,Clayton County,43,705,19043070500,"$53,523.00","$6,925.00"
0,Iowa,19,Clayton County,43,706,19043070600,"$51,090.00","$3,186.00"
0,Iowa,19,Clinton County,45,1,19045000100,"$28,547.00","$5,144.00"
0,Iowa,19,Clinton County,45,2,19045000200,"$35,039.00","$6,419.00"
0,Iowa,19,Clinton County,45,3,19045000300,"$32,911.00","$5,992.00"
0,Iowa,19,Clinton County,45,4,19045000400,"$57,083.00","$14,789.00"
0,Iowa,19,Clinton County,45,5,19045000500,"$47,750.00","$8,759.00"
0,Iowa,19,Clinton County,45,6,19045000600,"$55,292.00","$7,504.00"
0,Iowa,19,Clinton County,45,7,19045000700,"$50,583.00","$10,497.00"
0,Iowa,19,Clinton County,45,8,19045000800,"$53,732.00","$13,307.00"
0,Iowa,19,Clinton County,45,9,19045000900,"$62,321.00","$10,069.00"
0,Iowa,19,Clinton County,45,10,19045001000,"$62,254.00","$3,267.00"
0,Iowa,19,Clinton County,45,11,19045001100,"$56,161.00","$5,338.00"
0,Iowa,19,Clinton County,45,12,19045001200,"$65,809.00","$3,736.00"
0,Iowa,19,Crawford County,47,701,19047070100,"$49,338.00","$5,326.00"
0,Iowa,19,Crawford County,47,702,19047070200,"$54,145.00","$6,228.00"
0,Iowa,19,Crawford County,47,703,19047070300,"$48,804.00","$2,993.00"
0,Iowa,19,Crawford County,47,704,19047070400,"$43,765.00","$6,913.00"
0,Iowa,19,Crawford County,47,705,19047070500,"$53,000.00","$3,941.00"
0,Iowa,19,Dallas County,49,501,19049050100,"$77,355.00","$8,396.00"
0,Iowa,19,Dallas County,49,502,19049050200,"$73,081.00","$6,807.00"
0,Iowa,19,Dallas County,49,503,19049050300,"$41,667.00","$10,109.00"
0,Iowa,19,Dallas County,49,504,19049050400,"$43,043.00","$4,382.00"
0,Iowa,19,Dallas County,49,505,19049050500,"$69,375.00","$10,895.00"
0,Iowa,19,Dallas County,49,506,19049050600,"$64,917.00","$4,332.00"
0,Iowa,19,Dallas County,49,507,19049050700,"$58,786.00","$7,677.00"
0,Iowa,19,Dallas County,49,508.03,19049050803,"$123,208.00","$14,860.00"
0,Iowa,19,Dallas County,49,508.05,19049050805,"$136,500.00","$7,013.00"
0,Iowa,19,Dallas County,49,508.07,19049050807,"$71,119.00","$6,517.00"
0,Iowa,19,Dallas County,49,508.09,19049050809,"$83,728.00","$6,243.00"
0,Iowa,19,Dallas County,49,508.11,19049050811,"$78,191.00","$9,447.00"
0,Iowa,19,Dallas County,49,508.12,19049050812,"$84,917.00","$39,797.00"
0,Iowa,19,Dallas County,49,509.01,19049050901,"$65,227.00","$10,874.00"
0,Iowa,19,Dallas County,49,509.02,19049050902,"$79,286.00","$7,303.00"
0,Iowa,19,Davis County,51,801,19051080100,"$49,229.00","$5,215.00"
0,Iowa,19,Davis County,51,802,19051080200,"$48,469.00","$3,684.00"
0,Iowa,19,Decatur County,53,9601,19053960100,"$42,742.00","$5,723.00"
0,Iowa,19,Decatur County,53,9602,19053960200,"$36,037.00","$3,347.00"
0,Iowa,19,Decatur County,53,9603,19053960300,"$36,719.00","$10,163.00"
0,Iowa,19,Delaware County,55,9501,19055950100,"$56,776.00","$7,725.00"
0,Iowa,19,Delaware County,55,9502,19055950200,"$65,472.00","$8,792.00"
0,Iowa,19,Delaware County,55,9503,19055950300,"$46,045.00","$6,809.00"
0,Iowa,19,Delaware County,55,9504,19055950400,"$62,923.00","$5,740.00"
0,Iowa,19,Des Moines County,57,2,19057000200,"$39,212.00","$8,514.00"
0,Iowa,19,Des Moines County,57,3,19057000300,"$28,737.00","$4,594.00"
0,Iowa,19,Des Moines County,57,4,19057000400,"$33,154.00","$4,747.00"
0,Iowa,19,Des Moines County,57,5,19057000500,"$37,377.00","$4,336.00"
0,Iowa,19,Des Moines County,57,6,19057000600,"$45,547.00","$4,595.00"
0,Iowa,19,Des Moines County,57,7,19057000700,"$62,938.00","$9,067.00"
0,Iowa,19,Des Moines County,57,8,19057000800,"$38,983.00","$8,137.00"
0,Iowa,19,Des Moines County,57,9,19057000900,"$60,295.00","$8,399.00"
0,Iowa,19,Des Moines County,57,10,19057001000,"$55,446.00","$7,011.00"
0,Iowa,19,Des Moines County,57,11,19057001100,"$62,007.00","$5,390.00"
0,Iowa,19,Des Moines County,57,12,19057001200,"$55,789.00","$7,004.00"
0,Iowa,19,Dickinson County,59,4502,19059450200,"$65,750.00","$8,617.00"
0,Iowa,19,Dickinson County,59,4505,19059450500,"$56,881.00","$5,494.00"
0,Iowa,19,Dickinson County,59,4508,19059450800,"$46,635.00","$1,841.00"
0,Iowa,19,Dickinson County,59,4510,19059451000,"$71,250.00","$11,520.00"
0,Iowa,19,Dickinson County,59,4511,19059451100,"$59,395.00","$4,259.00"
0,Iowa,19,Dubuque County,61,1,19061000100,"$23,814.00","$3,273.00"
0,Iowa,19,Dubuque County,61,3,19061000300,"$46,063.00","$5,026.00"
0,Iowa,19,Dubuque County,61,4,19061000400,"$40,988.00","$5,707.00"
0,Iowa,19,Dubuque County,61,5,19061000500,"$31,628.00","$2,880.00"
0,Iowa,19,Dubuque County,61,6,19061000600,"$50,707.00","$16,468.00"
0,Iowa,19,Dubuque County,61,7.01,19061000701,"$38,644.00","$9,781.00"
0,Iowa,19,Dubuque County,61,7.02,19061000702,"$40,833.00","$8,751.00"
0,Iowa,19,Dubuque County,61,8.01,19061000801,"$56,875.00","$7,900.00"
0,Iowa,19,Dubuque County,61,8.02,19061000802,"$60,326.00","$11,258.00"
0,Iowa,19,Dubuque County,61,9,19061000900,"$54,541.00","$5,844.00"
0,Iowa,19,Dubuque County,61,11.01,19061001101,"$71,523.00","$12,346.00"
0,Iowa,19,Dubuque County,61,11.02,19061001102,"$61,867.00","$5,542.00"
0,Iowa,19,Dubuque County,61,12.01,19061001201,"$44,702.00","$4,612.00"
0,Iowa,19,Dubuque County,61,12.02,19061001202,"$37,730.00","$3,717.00"
0,Iowa,19,Dubuque County,61,12.04,19061001204,"$68,224.00","$7,721.00"
0,Iowa,19,Dubuque County,61,12.05,19061001205,"$56,815.00","$4,125.00"
0,Iowa,19,Dubuque County,61,101.01,19061010101,"$37,383.00","$7,468.00"
0,Iowa,19,Dubuque County,61,101.03,19061010103,"$45,111.00","$5,046.00"
0,Iowa,19,Dubuque County,61,101.04,19061010104,"$86,000.00","$4,440.00"
0,Iowa,19,Dubuque County,61,101.05,19061010105,"$68,534.00","$5,822.00"
0,Iowa,19,Dubuque County,61,102.01,19061010201,"$88,363.00","$7,504.00"
0,Iowa,19,Dubuque County,61,102.02,19061010202,"$71,250.00","$2,569.00"
0,Iowa,19,Dubuque County,61,103,19061010300,"$66,094.00","$9,798.00"
0,Iowa,19,Dubuque County,61,104,19061010400,"$57,917.00","$4,642.00"
0,Iowa,19,Dubuque County,61,105,19061010500,"$52,045.00","$7,789.00"
0,Iowa,19,Dubuque County,61,106,19061010600,"$73,217.00","$5,361.00"
0,Iowa,19,Emmet County,63,701,19063070100,"$44,189.00","$4,110.00"
0,Iowa,19,Emmet County,63,702,19063070200,"$61,705.00","$5,401.00"
0,Iowa,19,Emmet County,63,703,19063070300,"$36,685.00","$4,563.00"
0,Iowa,19,Emmet County,63,704,19063070400,"$52,107.00","$7,671.00"
0,Iowa,19,Fayette County,65,801,19065080100,"$42,108.00","$3,658.00"
0,Iowa,19,Fayette County,65,802,19065080200,"$43,018.00","$3,676.00"
0,Iowa,19,Fayette County,65,803,19065080300,"$58,452.00","$3,994.00"
0,Iowa,19,Fayette County,65,804,19065080400,"$40,433.00","$3,039.00"
0,Iowa,19,Fayette County,65,805,19065080500,"$36,082.00","$2,907.00"
0,Iowa,19,Fayette County,65,806,19065080600,"$47,260.00","$2,636.00"
0,Iowa,19,Fayette County,65,807,19065080700,"$56,422.00","$4,436.00"
0,Iowa,19,Floyd County,67,4801,19067480100,"$51,843.00","$4,176.00"
0,Iowa,19,Floyd County,67,4802,19067480200,"$44,239.00","$6,549.00"
0,Iowa,19,Floyd County,67,4803,19067480300,"$55,909.00","$4,945.00"
0,Iowa,19,Floyd County,67,4804,19067480400,"$36,109.00","$8,115.00"
0,Iowa,19,Floyd County,67,4805,19067480500,"$44,919.00","$6,361.00"
0,Iowa,19,Franklin County,69,3601,19069360100,"$49,638.00","$8,572.00"
0,Iowa,19,Franklin County,69,3602,19069360200,"$47,159.00","$3,365.00"
0,Iowa,19,Franklin County,69,3603,19069360300,"$49,545.00","$5,607.00"
0,Iowa,19,Fremont County,71,9701,19071970100,"$58,333.00","$8,253.00"
0,Iowa,19,Fremont County,71,9702,19071970200,"$52,750.00","$7,077.00"
0,Iowa,19,Fremont County,71,9703,19071970300,"$51,923.00","$2,397.00"
0,Iowa,19,Greene County,73,801,19073080100,"$49,125.00","$3,821.00"
0,Iowa,19,Greene County,73,802,19073080200,"$51,333.00","$7,095.00"
0,Iowa,19,Greene County,73,803,19073080300,"$41,417.00","$4,253.00"
0,Iowa,19,Greene County,73,805,19073080500,"$48,368.00","$2,607.00"
0,Iowa,19,Grundy County,75,9601,19075960100,"$60,344.00","$5,389.00"
0,Iowa,19,Grundy County,75,9602,19075960200,"$63,542.00","$5,909.00"
0,Iowa,19,Grundy County,75,9603,19075960300,"$50,705.00","$5,295.00"
0,Iowa,19,Grundy County,75,9604,19075960400,"$52,713.00","$3,131.00"
0,Iowa,19,Guthrie County,77,9501,19077950100,"$51,094.00","$2,079.00"
0,Iowa,19,Guthrie County,77,9502,19077950200,"$55,543.00","$4,534.00"
0,Iowa,19,Guthrie County,77,9503,19077950300,"$47,258.00","$5,708.00"
0,Iowa,19,Hamilton County,79,9601,19079960100,"$56,842.00","$5,687.00"
0,Iowa,19,Hamilton County,79,9602,19079960200,"$58,013.00","$3,856.00"
0,Iowa,19,Hamilton County,79,9603,19079960300,"$40,238.00","$4,969.00"
0,Iowa,19,Hamilton County,79,9604,19079960400,"$46,104.00","$7,669.00"
0,Iowa,19,Hamilton County,79,9605,19079960500,"$51,467.00","$2,413.00"
0,Iowa,19,Hancock County,81,2701,19081270100,"$59,000.00","$4,316.00"
0,Iowa,19,Hancock County,81,2702,19081270200,"$53,621.00","$8,362.00"
0,Iowa,19,Hancock County,81,2703,19081270300,"$44,836.00","$5,164.00"
0,Iowa,19,Hancock County,81,2704,19081270400,"$48,750.00","$4,651.00"
0,Iowa,19,Hardin County,83,4801,19083480100,"$47,013.00","$3,555.00"
0,Iowa,19,Hardin County,83,4802,19083480200,"$37,480.00","$9,618.00"
0,Iowa,19,Hardin County,83,4803,19083480300,"$59,439.00","$6,228.00"
0,Iowa,19,Hardin County,83,4804,19083480400,"$60,603.00","$7,866.00"
0,Iowa,19,Hardin County,83,4805,19083480500,"$53,100.00","$3,259.00"
0,Iowa,19,Hardin County,83,4806,19083480600,"$48,651.00","$5,285.00"
0,Iowa,19,Harrison County,85,2901,19085290100,"$44,175.00","$3,119.00"
0,Iowa,19,Harrison County,85,2902,19085290200,"$53,177.00","$5,607.00"
0,Iowa,19,Harrison County,85,2903,19085290300,"$58,314.00","$3,668.00"
0,Iowa,19,Harrison County,85,2904,19085290400,"$48,725.00","$3,607.00"
0,Iowa,19,Harrison County,85,2905,19085290500,"$70,391.00","$13,852.00"
0,Iowa,19,Henry County,87,9701,19087970100,"$55,372.00","$5,107.00"
0,Iowa,19,Henry County,87,9702,19087970200,"$48,924.00","$4,166.00"
0,Iowa,19,Henry County,87,9703,19087970300,"$45,259.00","$5,991.00"
0,Iowa,19,Henry County,87,9704,19087970400,"$48,509.00","$4,512.00"
0,Iowa,19,Henry County,87,9705,19087970500,"$51,838.00","$10,870.00"
0,Iowa,19,Howard County,89,9601,19089960100,"$47,542.00","$6,759.00"
0,Iowa,19,Howard County,89,9602,19089960200,"$58,462.00","$8,659.00"
0,Iowa,19,Howard County,89,9603,19089960300,"$45,385.00","$5,485.00"
0,Iowa,19,Humboldt County,91,9701,19091970100,"$58,147.00","$4,805.00"
0,Iowa,19,Humboldt County,91,9702,19091970200,"$48,816.00","$5,130.00"
0,Iowa,19,Humboldt County,91,9703,19091970300,"$47,448.00","$7,524.00"
0,Iowa,19,Humboldt County,91,9704,19091970400,"$41,681.00","$6,795.00"
0,Iowa,19,Ida County,93,901,19093090100,"$50,405.00","$3,553.00"
0,Iowa,19,Ida County,93,902,19093090200,"$49,615.00","$7,362.00"
0,Iowa,19,Ida County,93,903,19093090300,"$40,331.00","$3,881.00"
0,Iowa,19,Iowa County,95,9601,19095960100,"$63,558.00","$11,517.00"
0,Iowa,19,Iowa County,95,9602,19095960200,"$45,060.00","$4,503.00"
0,Iowa,19,Iowa County,95,9603,19095960300,"$54,569.00","$5,217.00"
0,Iowa,19,Iowa County,95,9604,19095960400,"$68,708.00","$6,386.00"
0,Iowa,19,Jackson County,97,9501,19097950100,"$56,414.00","$10,598.00"
0,Iowa,19,Jackson County,97,9502,19097950200,"$54,462.00","$4,290.00"
0,Iowa,19,Jackson County,97,9503,19097950300,"$52,500.00","$2,502.00"
0,Iowa,19,Jackson County,97,9504,19097950400,"$52,917.00","$5,573.00"
0,Iowa,19,Jackson County,97,9505,19097950500,"$42,212.00","$5,209.00"
0,Iowa,19,Jackson County,97,9506,19097950600,"$37,897.00","$9,844.00"
0,Iowa,19,Jasper County,99,401,19099040100,"$52,604.00","$9,777.00"
0,Iowa,19,Jasper County,99,402,19099040200,"$63,379.00","$2,896.00"
0,Iowa,19,Jasper County,99,403,19099040300,"$33,289.00","$4,332.00"
0,Iowa,19,Jasper County,99,404,19099040400,"$52,658.00","$10,923.00"
0,Iowa,19,Jasper County,99,405,19099040500,"$43,878.00","$7,992.00"
0,Iowa,19,Jasper County,99,406,19099040600,"$61,875.00","$7,764.00"
0,Iowa,19,Jasper County,99,407,19099040700,"$61,908.00","$5,020.00"
0,Iowa,19,Jasper County,99,408,19099040800,"$66,500.00","$9,018.00"
0,Iowa,19,Jasper County,99,409,19099040900,"$61,696.00","$3,698.00"
0,Iowa,19,Jefferson County,101,901,19101090100,"$50,991.00","$8,875.00"
0,Iowa,19,Jefferson County,101,902,19101090200,"$51,186.00","$8,004.00"
0,Iowa,19,Jefferson County,101,903,19101090300,"$38,652.00","$5,129.00"
0,Iowa,19,Jefferson County,101,904,19101090400,"$38,772.00","$8,958.00"
0,Iowa,19,Johnson County,103,1,19103000100,"$79,071.00","$7,012.00"
0,Iowa,19,Johnson County,103,2,19103000200,"$40,098.00","$5,945.00"
0,Iowa,19,Johnson County,103,3.01,19103000301,"$81,076.00","$12,773.00"
0,Iowa,19,Johnson County,103,3.02,19103000302,"$44,877.00","$5,010.00"
0,Iowa,19,Johnson County,103,4,19103000400,"$54,120.00","$14,613.00"
0,Iowa,19,Johnson County,103,5,19103000500,"$51,385.00","$3,802.00"
0,Iowa,19,Johnson County,103,6,19103000600,"$31,470.00","$6,345.00"
0,Iowa,19,Johnson County,103,11,19103001100,"$19,992.00","$4,114.00"
0,Iowa,19,Johnson County,103,12,19103001200,"$68,750.00","$5,273.00"
0,Iowa,19,Johnson County,103,13,19103001300,"$85,038.00","$9,956.00"
0,Iowa,19,Johnson County,103,14,19103001400,"$62,750.00","$10,010.00"
0,Iowa,19,Johnson County,103,15,19103001500,"$48,967.00","$7,044.00"
0,Iowa,19,Johnson County,103,16,19103001600,"$15,915.00","$2,657.00"
0,Iowa,19,Johnson County,103,17,19103001700,"$42,038.00","$3,867.00"
0,Iowa,19,Johnson County,103,18.01,19103001801,"$42,140.00","$4,163.00"
0,Iowa,19,Johnson County,103,18.02,19103001802,"$45,481.00","$10,382.00"
0,Iowa,19,Johnson County,103,21,19103002100,"$17,035.00","$4,156.00"
0,Iowa,19,Johnson County,103,23,19103002300,"$45,286.00","$9,556.00"
0,Iowa,19,Johnson County,103,101,19103010100,"$84,167.00","$6,780.00"
0,Iowa,19,Johnson County,103,102,19103010200,"$91,855.00","$5,339.00"
0,Iowa,19,Johnson County,103,103.01,19103010301,"$66,122.00","$10,823.00"
0,Iowa,19,Johnson County,103,103.02,19103010302,"$84,194.00","$6,067.00"
0,Iowa,19,Johnson County,103,104,19103010400,"$66,427.00","$6,346.00"
0,Iowa,19,Johnson County,103,105,19103010500,"$63,867.00","$11,095.00"
0,Iowa,19,Jones County,105,701,19105070100,"$67,105.00","$9,274.00"
0,Iowa,19,Jones County,105,703,19105070300,"$48,750.00","$7,730.00"
0,Iowa,19,Jones County,105,704,19105070400,"$52,863.00","$4,030.00"
0,Iowa,19,Jones County,105,705,19105070500,"$54,276.00","$4,994.00"
0,Iowa,19,Jones County,105,706,19105070600,"$50,797.00","$5,738.00"
0,Iowa,19,Keokuk County,107,801,19107080100,"$45,694.00","$6,035.00"
0,Iowa,19,Keokuk County,107,802,19107080200,"$43,920.00","$4,713.00"
0,Iowa,19,Keokuk County,107,803,19107080300,"$40,391.00","$8,141.00"
0,Iowa,19,Keokuk County,107,804,19107080400,"$47,212.00","$6,271.00"
0,Iowa,19,Kossuth County,109,9501,19109950100,"$46,786.00","$8,702.00"
0,Iowa,19,Kossuth County,109,9502,19109950200,"$47,440.00","$5,717.00"
0,Iowa,19,Kossuth County,109,9503,19109950300,"$46,394.00","$5,709.00"
0,Iowa,19,Kossuth County,109,9504,19109950400,"$50,588.00","$10,946.00"
0,Iowa,19,Kossuth County,109,9505,19109950500,"$54,500.00","$7,992.00"
0,Iowa,19,Kossuth County,109,9506,19109950600,"$59,432.00","$8,514.00"
0,Iowa,19,Lee County,111,4901,19111490100,"$44,208.00","$6,449.00"
0,Iowa,19,Lee County,111,4902,19111490200,"$38,160.00","$3,360.00"
0,Iowa,19,Lee County,111,4903,19111490300,"$57,368.00","$8,132.00"
0,Iowa,19,Lee County,111,4904,19111490400,"$61,399.00","$5,246.00"
0,Iowa,19,Lee County,111,4905,19111490500,"$51,318.00","$4,905.00"
0,Iowa,19,Lee County,111,4906,19111490600,"$49,750.00","$8,158.00"
0,Iowa,19,Lee County,111,4907,19111490700,"$45,000.00","$11,150.00"
0,Iowa,19,Lee County,111,4908,19111490800,"$17,221.00","$1,892.00"
0,Iowa,19,Lee County,111,4909,19111490900,"$29,604.00","$5,388.00"
0,Iowa,19,Lee County,111,4910,19111491000,"$34,310.00","$5,133.00"
0,Iowa,19,Lee County,111,4911,19111491100,"$57,922.00","$9,022.00"
0,Iowa,19,Linn County,113,1,19113000100,"$71,352.00","$10,372.00"
0,Iowa,19,Linn County,113,2.01,19113000201,"$52,601.00","$8,097.00"
0,Iowa,19,Linn County,113,2.03,19113000203,"$103,699.00","$12,430.00"
0,Iowa,19,Linn County,113,2.05,19113000205,"$105,337.00","$10,131.00"
0,Iowa,19,Linn County,113,2.06,19113000206,"$100,750.00","$7,047.00"
0,Iowa,19,Linn County,113,2.07,19113000207,"$61,300.00","$8,339.00"
0,Iowa,19,Linn County,113,3,19113000300,"$56,214.00","$3,962.00"
0,Iowa,19,Linn County,113,4,19113000400,"$62,924.00","$6,116.00"
0,Iowa,19,Linn County,113,5,19113000500,"$56,750.00","$9,522.00"
0,Iowa,19,Linn County,113,6,19113000600,"$53,536.00","$8,270.00"
0,Iowa,19,Linn County,113,7,19113000700,"$41,597.00","$12,615.00"
0,Iowa,19,Linn County,113,8,19113000800,"$48,371.00","$6,985.00"
0,Iowa,19,Linn County,113,9.01,19113000901,"$61,480.00","$10,425.00"
0,Iowa,19,Linn County,113,9.02,19113000902,"$88,722.00","$9,732.00"
0,Iowa,19,Linn County,113,10.01,19113001001,"$78,198.00","$6,346.00"
0,Iowa,19,Linn County,113,10.02,19113001002,"$59,231.00","$6,769.00"
0,Iowa,19,Linn County,113,10.03,19113001003,"$30,904.00","$4,073.00"
0,Iowa,19,Linn County,113,11.01,19113001101,"$57,770.00","$7,746.00"
0,Iowa,19,Linn County,113,11.02,19113001102,"$60,799.00","$5,770.00"
0,Iowa,19,Linn County,113,12,19113001200,"$44,643.00","$11,890.00"
0,Iowa,19,Linn County,113,13,19113001300,"$39,615.00","$4,959.00"
0,Iowa,19,Linn County,113,14,19113001400,"$50,452.00","$3,759.00"
0,Iowa,19,Linn County,113,15,19113001500,"$64,773.00","$12,058.00"
0,Iowa,19,Linn County,113,16,19113001600,"$76,919.00","$3,471.00"
0,Iowa,19,Linn County,113,17,19113001700,"$50,463.00","$13,221.00"
0,Iowa,19,Linn County,113,18,19113001800,"$42,071.00","$9,448.00"
0,Iowa,19,Linn County,113,19,19113001900,"$23,899.00","$5,122.00"
0,Iowa,19,Linn County,113,22,19113002200,"$33,385.00","$6,125.00"
0,Iowa,19,Linn County,113,23,19113002300,"$41,705.00","$6,441.00"
0,Iowa,19,Linn County,113,24,19113002400,"$48,464.00","$5,256.00"
0,Iowa,19,Linn County,113,25,19113002500,"$44,934.00","$5,473.00"
0,Iowa,19,Linn County,113,26,19113002600,"$34,875.00","$9,781.00"
0,Iowa,19,Linn County,113,27,19113002700,"$20,815.00","$6,178.00"
0,Iowa,19,Linn County,113,28,19113002800,"$61,458.00","$6,686.00"
0,Iowa,19,Linn County,113,29,19113002900,"$45,000.00","$9,715.00"
0,Iowa,19,Linn County,113,30.01,19113003001,"$61,490.00","$7,669.00"
0,Iowa,19,Linn County,113,30.02,19113003002,"$36,492.00","$9,764.00"
0,Iowa,19,Linn County,113,101,19113010100,"$62,875.00","$11,506.00"
0,Iowa,19,Linn County,113,102,19113010200,"$74,375.00","$6,479.00"
0,Iowa,19,Linn County,113,103,19113010300,"$51,991.00","$5,147.00"
0,Iowa,19,Linn County,113,104,19113010400,"$60,640.00","$3,059.00"
0,Iowa,19,Linn County,113,105,19113010500,"$65,556.00","$19,351.00"
0,Iowa,19,Linn County,113,106,19113010600,"$84,442.00","$5,028.00"
0,Iowa,19,Linn County,113,107,19113010700,"$84,341.00","$6,335.00"
0,Iowa,19,Linn County,113,108,19113010800,"$67,769.00","$5,878.00"
0,Iowa,19,Louisa County,115,4501,19115450100,"$58,576.00","$5,997.00"
0,Iowa,19,Louisa County,115,4502,19115450200,"$52,731.00","$6,753.00"
0,Iowa,19,Louisa County,115,4503,19115450300,"$44,726.00","$3,969.00"
0,Iowa,19,Lucas County,117,9501,19117950100,"$49,643.00","$8,403.00"
0,Iowa,19,Lucas County,117,9502,19117950200,"$55,875.00","$8,052.00"
0,Iowa,19,Lucas County,117,9503,19117950300,"$36,786.00","$7,776.00"
0,Iowa,19,Lucas County,117,9504,19117950400,"$33,409.00","$11,545.00"
0,Iowa,19,Lyon County,119,9501,19119950100,"$55,652.00","$4,304.00"
0,Iowa,19,Lyon County,119,9502,19119950200,"$56,250.00","$5,169.00"
0,Iowa,19,Lyon County,119,9503,19119950300,"$59,625.00","$6,717.00"
0,Iowa,19,Madison County,121,601,19121060100,"$75,495.00","$6,227.00"
0,Iowa,19,Madison County,121,602,19121060200,"$41,680.00","$11,423.00"
0,Iowa,19,Madison County,121,603,19121060300,"$62,991.00","$3,010.00"
0,Iowa,19,Mahaska County,123,9501,19123950100,"$51,649.00","$5,526.00"
0,Iowa,19,Mahaska County,123,9502,19123950200,"$61,862.00","$4,672.00"
0,Iowa,19,Mahaska County,123,9503,19123950300,"$58,032.00","$4,298.00"
0,Iowa,19,Mahaska County,123,9504,19123950400,"$51,285.00","$5,950.00"
0,Iowa,19,Mahaska County,123,9505,19123950500,"$34,345.00","$7,214.00"
0,Iowa,19,Mahaska County,123,9506,19123950600,"$35,000.00","$7,059.00"
0,Iowa,19,Mahaska County,123,9507,19123950700,"$39,432.00","$7,439.00"
0,Iowa,19,Marion County,125,301,19125030100,"$69,842.00","$6,000.00"
0,Iowa,19,Marion County,125,302,19125030200,"$58,958.00","$9,852.00"
0,Iowa,19,Marion County,125,303,19125030300,"$47,596.00","$5,848.00"
0,Iowa,19,Marion County,125,304.01,19125030401,"$52,742.00","$3,041.00"
0,Iowa,19,Marion County,125,304.02,19125030402,"$64,009.00","$11,181.00"
0,Iowa,19,Marion County,125,305,19125030500,"$37,125.00","$6,707.00"
0,Iowa,19,Marion County,125,306,19125030600,"$44,766.00","$5,485.00"
0,Iowa,19,Marion County,125,307,19125030700,"$52,111.00","$9,660.00"
0,Iowa,19,Marshall County,127,9501,19127950100,"$61,675.00","$4,523.00"
0,Iowa,19,Marshall County,127,9502,19127950200,"$65,694.00","$10,817.00"
0,Iowa,19,Marshall County,127,9503,19127950300,"$61,815.00","$3,354.00"
0,Iowa,19,Marshall County,127,9504,19127950400,"$56,500.00","$10,251.00"
0,Iowa,19,Marshall County,127,9505,19127950500,"$38,042.00","$2,432.00"
0,Iowa,19,Marshall County,127,9506,19127950600,"$41,743.00","$4,306.00"
0,Iowa,19,Marshall County,127,9507,19127950700,"$46,711.00","$7,380.00"
0,Iowa,19,Marshall County,127,9508,19127950800,"$63,401.00","$4,041.00"
0,Iowa,19,Marshall County,127,9509,19127950900,"$45,398.00","$6,686.00"
0,Iowa,19,Marshall County,127,9510,19127951000,"$57,574.00","$7,118.00"
0,Iowa,19,Mills County,129,401,19129040100,"$57,917.00","$10,083.00"
0,Iowa,19,Mills County,129,402.01,19129040201,"$74,620.00","$4,893.00"
0,Iowa,19,Mills County,129,402.02,19129040202,"$81,103.00","$11,388.00"
0,Iowa,19,Mills County,129,403.01,19129040301,"$53,929.00","$16,197.00"
0,Iowa,19,Mills County,129,403.02,19129040302,"$58,636.00","$10,288.00"
0,Iowa,19,Mitchell County,131,5601,19131560100,"$50,110.00","$6,657.00"
0,Iowa,19,Mitchell County,131,5602,19131560200,"$49,722.00","$7,971.00"
0,Iowa,19,Mitchell County,131,5603,19131560300,"$48,783.00","$5,353.00"
0,Iowa,19,Monona County,133,9601,19133960100,"$40,524.00","$3,943.00"
0,Iowa,19,Monona County,133,9602,19133960200,"$52,273.00","$8,711.00"
0,Iowa,19,Monona County,133,9603,19133960300,"$31,610.00","$4,578.00"
0,Iowa,19,Monona County,133,9604,19133960400,"$45,521.00","$6,088.00"
0,Iowa,19,Monroe County,135,701,19135070100,"$53,103.00","$10,425.00"
0,Iowa,19,Monroe County,135,702,19135070200,"$42,854.00","$8,986.00"
0,Iowa,19,Monroe County,135,703,19135070300,"$45,840.00","$6,446.00"
0,Iowa,19,Montgomery County,137,9601,19137960100,"$56,094.00","$4,816.00"
0,Iowa,19,Montgomery County,137,9602,19137960200,"$45,966.00","$9,097.00"
0,Iowa,19,Montgomery County,137,9603,19137960300,"$25,086.00","$5,234.00"
0,Iowa,19,Montgomery County,137,9604,19137960400,"$45,938.00","$2,289.00"
0,Iowa,19,Muscatine County,139,501,19139050100,"$62,857.00","$10,569.00"
0,Iowa,19,Muscatine County,139,502,19139050200,"$57,014.00","$7,098.00"
0,Iowa,19,Muscatine County,139,503,19139050300,"$60,655.00","$9,320.00"
0,Iowa,19,Muscatine County,139,504,19139050400,"$63,712.00","$8,066.00"
0,Iowa,19,Muscatine County,139,505,19139050500,"$43,454.00","$5,394.00"
0,Iowa,19,Muscatine County,139,506,19139050600,"$73,647.00","$4,059.00"
0,Iowa,19,Muscatine County,139,507,19139050700,"$44,461.00","$10,423.00"
0,Iowa,19,Muscatine County,139,508,19139050800,"$46,324.00","$7,727.00"
0,Iowa,19,Muscatine County,139,509,19139050900,"$41,504.00","$3,714.00"
0,Iowa,19,Muscatine County,139,510,19139051000,"$38,986.00","$4,054.00"
0,Iowa,19,O'Brien County,141,4901,19141490100,"$54,338.00","$8,817.00"
0,Iowa,19,O'Brien County,141,4902,19141490200,"$57,476.00","$4,524.00"
0,Iowa,19,O'Brien County,141,4903,19141490300,"$51,841.00","$8,532.00"
0,Iowa,19,O'Brien County,141,4904,19141490400,"$56,083.00","$5,708.00"
0,Iowa,19,Osceola County,143,4601,19143460100,"$42,750.00","$9,199.00"
0,Iowa,19,Osceola County,143,4602,19143460200,"$52,955.00","$4,919.00"
0,Iowa,19,Page County,145,4901,19145490100,"$52,991.00","$5,097.00"
0,Iowa,19,Page County,145,4902,19145490200,"$30,208.00","$6,733.00"
0,Iowa,19,Page County,145,4903,19145490300,"$46,000.00","$6,556.00"
0,Iowa,19,Page County,145,4904,19145490400,"$44,946.00","$8,093.00"
0,Iowa,19,Page County,145,4905,19145490500,"$39,836.00","$7,775.00"
0,Iowa,19,Page County,145,4906,19145490600,"$45,625.00","$4,423.00"
0,Iowa,19,Palo Alto County,147,9601,19147960100,"$59,063.00","$7,851.00"
0,Iowa,19,Palo Alto County,147,9602,19147960200,"$46,458.00","$4,979.00"
0,Iowa,19,Palo Alto County,147,9603,19147960300,"$42,143.00","$6,221.00"
0,Iowa,19,Palo Alto County,147,9604,19147960400,"$45,850.00","$5,743.00"
0,Iowa,19,Plymouth County,149,9701,19149970100,"$61,382.00","$6,298.00"
0,Iowa,19,Plymouth County,149,9702,19149970200,"$41,534.00","$3,311.00"
0,Iowa,19,Plymouth County,149,9703,19149970300,"$54,083.00","$6,672.00"
0,Iowa,19,Plymouth County,149,9704,19149970400,"$60,701.00","$3,129.00"
0,Iowa,19,Plymouth County,149,9705,19149970500,"$59,777.00","$4,637.00"
0,Iowa,19,Plymouth County,149,9706,19149970600,"$69,167.00","$5,406.00"
0,Iowa,19,Pocahontas County,151,7801,19151780100,"$41,667.00","$5,815.00"
0,Iowa,19,Pocahontas County,151,7802,19151780200,"$42,436.00","$4,337.00"
0,Iowa,19,Pocahontas County,151,7803,19151780300,"$50,347.00","$6,549.00"
0,Iowa,19,Polk County,153,1.01,19153000101,"$27,895.00","$3,229.00"
0,Iowa,19,Polk County,153,1.02,19153000102,"$62,344.00","$12,726.00"
0,Iowa,19,Polk County,153,1.03,19153000103,"$52,827.00","$3,995.00"
0,Iowa,19,Polk County,153,2.01,19153000201,"$54,235.00","$8,398.00"
0,Iowa,19,Polk County,153,2.02,19153000202,"$51,786.00","$5,829.00"
0,Iowa,19,Polk County,153,3,19153000300,"$44,375.00","$10,679.00"
0,Iowa,19,Polk County,153,4,19153000400,"$40,150.00","$3,829.00"
0,Iowa,19,Polk County,153,5,19153000500,"$42,259.00","$4,819.00"
0,Iowa,19,Polk County,153,6,19153000600,"$49,456.00","$5,355.00"
0,Iowa,19,Polk County,153,7.01,19153000701,"$48,214.00","$12,887.00"
0,Iowa,19,Polk County,153,7.02,19153000702,"$57,891.00","$15,372.00"
0,Iowa,19,Polk County,153,7.03,19153000703,"$58,214.00","$5,025.00"
0,Iowa,19,Polk County,153,7.04,19153000704,"$60,267.00","$4,768.00"
0,Iowa,19,Polk County,153,8.01,19153000801,"$60,764.00","$6,711.00"
0,Iowa,19,Polk County,153,8.02,19153000802,"$68,813.00","$11,328.00"
0,Iowa,19,Polk County,153,8.03,19153000803,"$51,095.00","$6,086.00"
0,Iowa,19,Polk County,153,9.01,19153000901,"$55,944.00","$6,829.00"
0,Iowa,19,Polk County,153,9.02,19153000902,"$60,000.00","$10,887.00"
0,Iowa,19,Polk County,153,10,19153001000,"$48,994.00","$5,846.00"
0,Iowa,19,Polk County,153,11,19153001100,"$30,340.00","$6,989.00"
0,Iowa,19,Polk County,153,12,19153001200,"$30,806.00","$2,146.00"
0,Iowa,19,Polk County,153,15,19153001500,"$51,818.00","$7,366.00"
0,Iowa,19,Polk County,153,17,19153001700,"$34,415.00","$3,997.00"
0,Iowa,19,Polk County,153,18,19153001800,"$39,947.00","$4,574.00"
0,Iowa,19,Polk County,153,19,19153001900,"$41,518.00","$9,743.00"
0,Iowa,19,Polk County,153,21,19153002100,"$36,787.00","$4,337.00"
0,Iowa,19,Polk County,153,26,19153002600,"$26,761.00","$8,618.00"
0,Iowa,19,Polk County,153,27,19153002700,"$39,280.00","$5,401.00"
0,Iowa,19,Polk County,153,28,19153002800,"$42,700.00","$5,199.00"
0,Iowa,19,Polk County,153,29,19153002900,"$39,019.00","$11,487.00"
0,Iowa,19,Polk County,153,30.01,19153003001,"$66,339.00","$11,275.00"
0,Iowa,19,Polk County,153,30.02,19153003002,"$92,813.00","$24,211.00"
0,Iowa,19,Polk County,153,31,19153003100,"$83,750.00","$12,196.00"
0,Iowa,19,Polk County,153,32,19153003200,"$70,122.00","$24,668.00"
0,Iowa,19,Polk County,153,39.01,19153003901,"$42,651.00","$4,904.00"
0,Iowa,19,Polk County,153,39.02,19153003902,"$55,875.00","$6,380.00"
0,Iowa,19,Polk County,153,40.01,19153004001,"$41,351.00","$7,981.00"
0,Iowa,19,Polk County,153,40.04,19153004004,"$77,143.00","$8,665.00"
0,Iowa,19,Polk County,153,41,19153004100,"$55,313.00","$15,620.00"
0,Iowa,19,Polk County,153,42,19153004200,"$38,519.00","$8,910.00"
0,Iowa,19,Polk County,153,43,19153004300,"$47,269.00","$7,831.00"
0,Iowa,19,Polk County,153,44,19153004400,"$42,639.00","$6,095.00"
0,Iowa,19,Polk County,153,45.01,19153004501,"$51,446.00","$4,123.00"
0,Iowa,19,Polk County,153,45.02,19153004502,"$50,329.00","$9,937.00"
0,Iowa,19,Polk County,153,46.02,19153004602,"$36,193.00","$7,663.00"
0,Iowa,19,Polk County,153,46.03,19153004603,"$51,063.00","$15,295.00"
0,Iowa,19,Polk County,153,47.01,19153004701,"$42,960.00","$5,577.00"
0,Iowa,19,Polk County,153,47.02,19153004702,"$37,339.00","$3,712.00"
0,Iowa,19,Polk County,153,48,19153004800,"$31,184.00","$7,463.00"
0,Iowa,19,Polk County,153,49,19153004900,"$21,992.00","$4,080.00"
0,Iowa,19,Polk County,153,50,19153005000,"$29,432.00","$11,262.00"
0,Iowa,19,Polk County,153,51,19153005100,"$29,239.00","$14,570.00"
0,Iowa,19,Polk County,153,52,19153005200,"$33,109.00","$2,723.00"
0,Iowa,19,Polk County,153,53,19153005300,"$48,309.00","$2,601.00"
0,Iowa,19,Polk County,153,101.01,19153010101,"$73,659.00","$9,903.00"
0,Iowa,19,Polk County,153,101.02,19153010102,"$74,703.00","$6,493.00"
0,Iowa,19,Polk County,153,102.03,19153010203,"$94,156.00","$15,987.00"
0,Iowa,19,Polk County,153,102.05,19153010205,"$66,250.00","$6,049.00"
0,Iowa,19,Polk County,153,102.07,19153010207,"$64,896.00","$10,755.00"
0,Iowa,19,Polk County,153,102.08,19153010208,"$70,755.00","$11,304.00"
0,Iowa,19,Polk County,153,102.09,19153010209,"$57,290.00","$8,379.00"
0,Iowa,19,Polk County,153,102.11,19153010211,"$57,347.00","$8,521.00"
0,Iowa,19,Polk County,153,102.12,19153010212,"$66,579.00","$10,430.00"
0,Iowa,19,Polk County,153,104.04,19153010404,"$73,157.00","$6,986.00"
0,Iowa,19,Polk County,153,104.05,19153010405,"$59,258.00","$12,470.00"
0,Iowa,19,Polk County,153,104.06,19153010406,"$62,894.00","$7,342.00"
0,Iowa,19,Polk County,153,104.07,19153010407,"$86,518.00","$12,174.00"
0,Iowa,19,Polk County,153,104.08,19153010408,"$52,500.00","$12,664.00"
0,Iowa,19,Polk County,153,104.09,19153010409,"$75,341.00","$10,764.00"
0,Iowa,19,Polk County,153,105,19153010500,"$60,013.00","$5,271.00"
0,Iowa,19,Polk County,153,106,19153010600,"$61,864.00","$8,626.00"
0,Iowa,19,Polk County,153,107.02,19153010702,"$71,549.00","$5,949.00"
0,Iowa,19,Polk County,153,107.03,19153010703,"$60,824.00","$10,847.00"
0,Iowa,19,Polk County,153,107.05,19153010705,"$72,083.00","$9,663.00"
0,Iowa,19,Polk County,153,107.06,19153010706,"$86,167.00","$16,613.00"
0,Iowa,19,Polk County,153,108.02,19153010802,"$58,958.00","$7,501.00"
0,Iowa,19,Polk County,153,108.03,19153010803,"$66,466.00","$6,192.00"
0,Iowa,19,Polk County,153,108.04,19153010804,"$84,508.00","$11,732.00"
0,Iowa,19,Polk County,153,110.01,19153011001,"$40,568.00","$3,963.00"
0,Iowa,19,Polk County,153,110.21,19153011021,"$82,813.00","$3,930.00"
0,Iowa,19,Polk County,153,110.25,19153011025,"$102,021.00","$13,242.00"
0,Iowa,19,Polk County,153,110.26,19153011026,"$92,301.00","$14,305.00"
0,Iowa,19,Polk County,153,110.27,19153011027,"$72,122.00","$9,102.00"
0,Iowa,19,Polk County,153,110.28,19153011028,"$69,559.00","$21,491.00"
0,Iowa,19,Polk County,153,111.11,19153011111,"$51,579.00","$6,114.00"
0,Iowa,19,Polk County,153,111.12,19153011112,"$71,150.00","$7,153.00"
0,Iowa,19,Polk County,153,111.13,19153011113,"$55,000.00","$5,874.00"
0,Iowa,19,Polk County,153,111.14,19153011114,"$53,599.00","$8,797.00"
0,Iowa,19,Polk County,153,112.01,19153011201,"$58,370.00","$14,477.00"
0,Iowa,19,Polk County,153,112.03,19153011203,"$147,734.00","$24,128.00"
0,Iowa,19,Polk County,153,112.05,19153011205,"$43,419.00","$9,514.00"
0,Iowa,19,Polk County,153,112.06,19153011206,"$94,883.00","$7,062.00"
0,Iowa,19,Polk County,153,113,19153011300,"$88,871.00","$13,629.00"
0,Iowa,19,Polk County,153,114.04,19153011404,"$100,902.00","$10,282.00"
0,Iowa,19,Polk County,153,115,19153011500,"$96,020.00","$9,076.00"
0,Iowa,19,Polk County,153,116,19153011600,-,
0,Iowa,19,Polk County,153,117.01,19153011701,"$119,265.00","$6,547.00"
0,Iowa,19,Polk County,153,117.02,19153011702,"$72,716.00","$8,426.00"
0,Iowa,19,Pottawattamie County,155,212,19155021200,"$48,333.00","$16,582.00"
0,Iowa,19,Pottawattamie County,155,214,19155021400,"$86,500.00","$12,569.00"
0,Iowa,19,Pottawattamie County,155,215.01,19155021501,"$63,594.00","$6,857.00"
0,Iowa,19,Pottawattamie County,155,215.02,19155021502,"$51,849.00","$3,556.00"
0,Iowa,19,Pottawattamie County,155,216.02,19155021602,"$74,224.00","$6,323.00"
0,Iowa,19,Pottawattamie County,155,216.03,19155021603,"$78,182.00","$6,133.00"
0,Iowa,19,Pottawattamie County,155,217.01,19155021701,"$67,530.00","$6,465.00"
0,Iowa,19,Pottawattamie County,155,217.02,19155021702,"$56,818.00","$3,559.00"
0,Iowa,19,Pottawattamie County,155,301,19155030100,"$61,217.00","$6,102.00"
0,Iowa,19,Pottawattamie County,155,302,19155030200,"$49,519.00","$14,844.00"
0,Iowa,19,Pottawattamie County,155,303,19155030300,"$43,382.00","$9,854.00"
0,Iowa,19,Pottawattamie County,155,304.01,19155030401,"$42,428.00","$4,488.00"
0,Iowa,19,Pottawattamie County,155,304.02,19155030402,"$33,776.00","$4,678.00"
0,Iowa,19,Pottawattamie County,155,305.01,19155030501,"$43,098.00","$8,128.00"
0,Iowa,19,Pottawattamie County,155,305.02,19155030502,"$42,108.00","$4,560.00"
0,Iowa,19,Pottawattamie County,155,306.01,19155030601,"$41,862.00","$2,034.00"
0,Iowa,19,Pottawattamie County,155,306.02,19155030602,"$32,500.00","$6,764.00"
0,Iowa,19,Pottawattamie County,155,307,19155030700,"$28,750.00","$10,853.00"
0,Iowa,19,Pottawattamie County,155,308,19155030800,"$51,645.00","$4,221.00"
0,Iowa,19,Pottawattamie County,155,309,19155030900,"$16,516.00","$2,873.00"
0,Iowa,19,Pottawattamie County,155,310,19155031000,"$42,547.00","$4,747.00"
0,Iowa,19,Pottawattamie County,155,311,19155031100,"$40,761.00","$6,497.00"
0,Iowa,19,Pottawattamie County,155,312,19155031200,"$54,781.00","$8,131.00"
0,Iowa,19,Pottawattamie County,155,313,19155031300,"$44,438.00","$14,371.00"
0,Iowa,19,Pottawattamie County,155,314,19155031400,"$50,432.00","$2,975.00"
0,Iowa,19,Pottawattamie County,155,316.01,19155031601,"$85,625.00","$11,464.00"
0,Iowa,19,Pottawattamie County,155,316.02,19155031602,"$70,625.00","$8,652.00"
0,Iowa,19,Pottawattamie County,155,317,19155031700,"$60,625.00","$10,961.00"
0,Iowa,19,Pottawattamie County,155,318,19155031800,"$60,870.00","$10,833.00"
0,Iowa,19,Pottawattamie County,155,319,19155031900,"$66,667.00","$10,910.00"
0,Iowa,19,Poweshiek County,157,3701,19157370100,"$52,024.00","$4,624.00"
0,Iowa,19,Poweshiek County,157,3702,19157370200,"$61,860.00","$7,958.00"
0,Iowa,19,Poweshiek County,157,3703,19157370300,"$62,324.00","$9,529.00"
0,Iowa,19,Poweshiek County,157,3704,19157370400,"$34,044.00","$3,923.00"
0,Iowa,19,Poweshiek County,157,3705,19157370500,"$52,000.00","$5,669.00"
0,Iowa,19,Ringgold County,159,9501,19159950100,"$53,846.00","$5,502.00"
0,Iowa,19,Ringgold County,159,9502,19159950200,"$41,908.00","$4,312.00"
0,Iowa,19,Sac County,161,801,19161080100,"$48,676.00","$2,985.00"
0,Iowa,19,Sac County,161,802,19161080200,"$50,708.00","$3,725.00"
0,Iowa,19,Sac County,161,803,19161080300,"$54,231.00","$4,003.00"
0,Iowa,19,Sac County,161,804,19161080400,"$46,163.00","$2,469.00"
0,Iowa,19,Scott County,163,101.01,19163010101,"$71,207.00","$6,249.00"
0,Iowa,19,Scott County,163,101.02,19163010102,"$87,282.00","$7,387.00"
0,Iowa,19,Scott County,163,102.01,19163010201,"$58,167.00","$13,202.00"
0,Iowa,19,Scott County,163,102.02,19163010202,"$82,951.00","$6,635.00"
0,Iowa,19,Scott County,163,103,19163010300,"$65,962.00","$14,286.00"
0,Iowa,19,Scott County,163,104.01,19163010401,"$69,436.00","$5,023.00"
0,Iowa,19,Scott County,163,104.02,19163010402,"$63,824.00","$8,088.00"
0,Iowa,19,Scott County,163,106,19163010600,"$20,192.00","$4,392.00"
0,Iowa,19,Scott County,163,107,19163010700,"$35,647.00","$15,187.00"
0,Iowa,19,Scott County,163,108,19163010800,"$29,318.00","$7,735.00"
0,Iowa,19,Scott County,163,109,19163010900,"$23,393.00","$5,130.00"
0,Iowa,19,Scott County,163,110,19163011000,"$29,072.00","$5,106.00"
0,Iowa,19,Scott County,163,111,19163011100,"$49,393.00","$4,159.00"
0,Iowa,19,Scott County,163,112,19163011200,"$33,929.00","$8,062.00"
0,Iowa,19,Scott County,163,113,19163011300,"$33,542.00","$13,553.00"
0,Iowa,19,Scott County,163,114,19163011400,"$39,470.00","$9,147.00"
0,Iowa,19,Scott County,163,115,19163011500,"$33,947.00","$7,960.00"
0,Iowa,19,Scott County,163,116,19163011600,"$52,003.00","$3,270.00"
0,Iowa,19,Scott County,163,117,19163011700,"$48,102.00","$10,521.00"
0,Iowa,19,Scott County,163,118,19163011800,"$46,800.00","$9,041.00"
0,Iowa,19,Scott County,163,119,19163011900,"$50,688.00","$2,514.00"
0,Iowa,19,Scott County,163,120,19163012000,"$51,806.00","$4,865.00"
0,Iowa,19,Scott County,163,121,19163012100,"$55,556.00","$2,362.00"
0,Iowa,19,Scott County,163,122,19163012200,"$39,787.00","$4,535.00"
0,Iowa,19,Scott County,163,123,19163012300,"$33,750.00","$7,643.00"
0,Iowa,19,Scott County,163,124,19163012400,"$48,125.00","$10,149.00"
0,Iowa,19,Scott County,163,125.01,19163012501,"$46,000.00","$9,039.00"
0,Iowa,19,Scott County,163,125.02,19163012502,"$57,045.00","$9,870.00"
0,Iowa,19,Scott County,163,126.01,19163012601,"$45,972.00","$12,559.00"
0,Iowa,19,Scott County,163,126.02,19163012602,"$49,750.00","$8,785.00"
0,Iowa,19,Scott County,163,127.01,19163012701,"$57,170.00","$7,921.00"
0,Iowa,19,Scott County,163,127.02,19163012702,"$55,298.00","$7,652.00"
0,Iowa,19,Scott County,163,128.01,19163012801,"$60,351.00","$4,762.00"
0,Iowa,19,Scott County,163,128.02,19163012802,"$47,923.00","$5,245.00"
0,Iowa,19,Scott County,163,129.01,19163012901,"$44,136.00","$6,602.00"
0,Iowa,19,Scott County,163,129.02,19163012902,"$54,263.00","$10,643.00"
0,Iowa,19,Scott County,163,130,19163013000,"$55,232.00","$5,438.00"
0,Iowa,19,Scott County,163,131,19163013100,"$91,523.00","$10,052.00"
0,Iowa,19,Scott County,163,132,19163013200,"$66,364.00","$8,519.00"
0,Iowa,19,Scott County,163,133,19163013300,"$53,000.00","$6,385.00"
0,Iowa,19,Scott County,163,134,19163013400,"$52,361.00","$10,195.00"
0,Iowa,19,Scott County,163,135,19163013500,"$57,243.00","$12,662.00"
0,Iowa,19,Scott County,163,136,19163013600,"$68,295.00","$10,231.00"
0,Iowa,19,Scott County,163,137.02,19163013702,"$91,048.00","$12,170.00"
0,Iowa,19,Scott County,163,137.03,19163013703,"$94,450.00","$4,899.00"
0,Iowa,19,Scott County,163,137.05,19163013705,"$57,132.00","$12,533.00"
0,Iowa,19,Scott County,163,137.06,19163013706,"$119,167.00","$16,165.00"
0,Iowa,19,Shelby County,165,9601,19165960100,"$54,375.00","$6,471.00"
0,Iowa,19,Shelby County,165,9602,19165960200,"$52,077.00","$4,105.00"
0,Iowa,19,Shelby County,165,9603,19165960300,"$50,000.00","$8,128.00"
0,Iowa,19,Shelby County,165,9604,19165960400,"$40,473.00","$7,011.00"
0,Iowa,19,Sioux County,167,701,19167070100,"$61,923.00","$2,458.00"
0,Iowa,19,Sioux County,167,702,19167070200,"$62,829.00","$7,523.00"
0,Iowa,19,Sioux County,167,703,19167070300,"$63,625.00","$4,440.00"
0,Iowa,19,Sioux County,167,704,19167070400,"$51,250.00","$5,238.00"
0,Iowa,19,Sioux County,167,705,19167070500,"$63,594.00","$4,655.00"
0,Iowa,19,Sioux County,167,706,19167070600,"$62,736.00","$7,322.00"
0,Iowa,19,Sioux County,167,707,19167070700,"$64,840.00","$6,306.00"
0,Iowa,19,Story County,169,1,19169000100,"$87,565.00","$9,301.00"
0,Iowa,19,Story County,169,2,19169000200,"$68,446.00","$10,302.00"
0,Iowa,19,Story County,169,3,19169000300,"$51,638.00","$3,032.00"
0,Iowa,19,Story County,169,4,19169000400,"$70,888.00","$5,060.00"
0,Iowa,19,Story County,169,5,19169000500,"$12,764.00","$2,228.00"
0,Iowa,19,Story County,169,6,19169000600,"$66,019.00","$10,906.00"
0,Iowa,19,Story County,169,7,19169000700,"$18,794.00","$2,857.00"
0,Iowa,19,Story County,169,8,19169000800,,
0,Iowa,19,Story County,169,9,19169000900,"$47,372.00","$6,187.00"
0,Iowa,19,Story County,169,10,19169001000,"$25,438.00","$4,887.00"
0,Iowa,19,Story County,169,11,19169001100,"$18,932.00","$4,577.00"
0,Iowa,19,Story County,169,12,19169001200,"$77,083.00","$72,342.00"
0,Iowa,19,Story County,169,13.01,19169001301,"$30,502.00","$5,045.00"
0,Iowa,19,Story County,169,13.02,19169001302,"$54,281.00","$5,322.00"
0,Iowa,19,Story County,169,101,19169010100,"$67,844.00","$6,855.00"
0,Iowa,19,Story County,169,102,19169010200,"$63,542.00","$4,041.00"
0,Iowa,19,Story County,169,103,19169010300,"$61,250.00","$6,188.00"
0,Iowa,19,Story County,169,104,19169010400,"$55,125.00","$7,734.00"
0,Iowa,19,Story County,169,105,19169010500,"$63,750.00","$10,975.00"
0,Iowa,19,Story County,169,106,19169010600,"$60,129.00","$5,284.00"
0,Iowa,19,Tama County,171,2901,19171290100,"$61,847.00","$6,498.00"
0,Iowa,19,Tama County,171,2902,19171290200,"$56,724.00","$8,567.00"
0,Iowa,19,Tama County,171,2903,19171290300,"$60,071.00","$4,177.00"
0,Iowa,19,Tama County,171,2904,19171290400,"$51,950.00","$5,518.00"
0,Iowa,19,Tama County,171,2905,19171290500,"$50,634.00","$2,437.00"
0,Iowa,19,Tama County,171,2906,19171290600,"$53,958.00","$6,900.00"
0,Iowa,19,Taylor County,173,1801,19173180100,"$39,787.00","$2,891.00"
0,Iowa,19,Taylor County,173,1802,19173180200,"$38,182.00","$5,532.00"
0,Iowa,19,Taylor County,173,1803,19173180300,"$56,861.00","$2,516.00"
0,Iowa,19,Union County,175,1901,19175190100,"$44,412.00","$3,490.00"
0,Iowa,19,Union County,175,1902,19175190200,"$40,692.00","$3,153.00"
0,Iowa,19,Union County,175,1903,19175190300,"$58,438.00","$10,738.00"
0,Iowa,19,Union County,175,1904,19175190400,"$43,052.00","$6,545.00"
0,Iowa,19,Van Buren County,177,9501,19177950100,"$45,192.00","$2,858.00"
0,Iowa,19,Van Buren County,177,9502,19177950200,"$45,000.00","$4,681.00"
0,Iowa,19,Wapello County,179,9601,19179960100,"$56,047.00","$7,254.00"
0,Iowa,19,Wapello County,179,9602,19179960200,"$21,224.00","$2,557.00"
0,Iowa,19,Wapello County,179,9603,19179960300,"$58,829.00","$4,221.00"
0,Iowa,19,Wapello County,179,9604,19179960400,"$41,898.00","$4,881.00"
0,Iowa,19,Wapello County,179,9605,19179960500,"$30,932.00","$6,458.00"
0,Iowa,19,Wapello County,179,9606,19179960600,"$33,856.00","$6,110.00"
0,Iowa,19,Wapello County,179,9607,19179960700,"$55,189.00","$11,241.00"
0,Iowa,19,Wapello County,179,9608,19179960800,"$45,179.00","$7,884.00"
0,Iowa,19,Wapello County,179,9609,19179960900,"$27,674.00","$5,869.00"
0,Iowa,19,Wapello County,179,9610,19179961000,"$36,295.00","$5,539.00"
0,Iowa,19,Wapello County,179,9611,19179961100,"$42,246.00","$3,810.00"
0,Iowa,19,Warren County,181,201,19181020100,"$60,417.00","$7,749.00"
0,Iowa,19,Warren County,181,202,19181020200,"$75,787.00","$6,810.00"
0,Iowa,19,Warren County,181,203,19181020300,"$86,779.00","$6,030.00"
0,Iowa,19,Warren County,181,204,19181020400,"$59,167.00","$7,464.00"
0,Iowa,19,Warren County,181,205,19181020500,"$69,327.00","$8,561.00"
0,Iowa,19,Warren County,181,206,19181020600,"$79,773.00","$11,175.00"
0,Iowa,19,Warren County,181,207,19181020700,"$55,793.00","$13,386.00"
0,Iowa,19,Warren County,181,208,19181020800,"$67,375.00","$6,844.00"
0,Iowa,19,Warren County,181,209,19181020900,"$41,960.00","$7,544.00"
0,Iowa,19,Warren County,181,210,19181021000,"$41,121.00","$3,198.00"
0,Iowa,19,Warren County,181,211,19181021100,"$71,544.00","$6,315.00"
0,Iowa,19,Warren County,181,212,19181021200,"$60,758.00","$4,724.00"
0,Iowa,19,Washington County,183,9601,19183960100,"$60,152.00","$5,447.00"
0,Iowa,19,Washington County,183,9602,19183960200,"$57,632.00","$6,071.00"
0,Iowa,19,Washington County,183,9603,19183960300,"$43,839.00","$5,357.00"
0,Iowa,19,Washington County,183,9604,19183960400,"$46,439.00","$4,720.00"
0,Iowa,19,Washington County,183,9605,19183960500,"$76,905.00","$8,719.00"
0,Iowa,19,Wayne County,185,701,19185070100,"$49,181.00","$4,319.00"
0,Iowa,19,Wayne County,185,702,19185070200,"$47,679.00","$7,176.00"
0,Iowa,19,Wayne County,185,703,19185070300,"$37,721.00","$2,149.00"
0,Iowa,19,Webster County,187,1,19187000100,"$49,155.00","$7,830.00"
0,Iowa,19,Webster County,187,2,19187000200,"$59,167.00","$10,891.00"
0,Iowa,19,Webster County,187,3,19187000300,"$35,270.00","$6,169.00"
0,Iowa,19,Webster County,187,4,19187000400,"$27,153.00","$11,924.00"
0,Iowa,19,Webster County,187,5,19187000500,"$34,531.00","$7,885.00"
0,Iowa,19,Webster County,187,6,19187000600,"$34,776.00","$6,509.00"
0,Iowa,19,Webster County,187,7,19187000700,"$22,672.00","$7,577.00"
0,Iowa,19,Webster County,187,9,19187000900,"$30,323.00","$10,616.00"
0,Iowa,19,Webster County,187,101,19187010100,"$54,766.00","$11,437.00"
0,Iowa,19,Webster County,187,102,19187010200,"$69,732.00","$9,228.00"
0,Iowa,19,Webster County,187,103,19187010300,"$48,026.00","$3,935.00"
0,Iowa,19,Webster County,187,104,19187010400,"$44,639.00","$3,346.00"
0,Iowa,19,Winnebago County,189,6801,19189680100,"$47,877.00","$3,492.00"
0,Iowa,19,Winnebago County,189,6802,19189680200,"$50,833.00","$9,419.00"
0,Iowa,19,Winnebago County,189,6803,19189680300,"$45,833.00","$6,061.00"
0,Iowa,19,Winneshiek County,191,9501,19191950100,"$55,458.00","$4,642.00"
0,Iowa,19,Winneshiek County,191,9502,19191950200,"$54,128.00","$5,172.00"
0,Iowa,19,Winneshiek County,191,9503,19191950300,"$54,787.00","$6,617.00"
0,Iowa,19,Winneshiek County,191,9504,19191950400,"$58,679.00","$5,685.00"
0,Iowa,19,Winneshiek County,191,9505,19191950500,"$50,475.00","$4,392.00"
0,Iowa,19,Woodbury County,193,1,19193000100,"$34,434.00","$2,657.00"
0,Iowa,19,Woodbury County,193,2,19193000200,"$49,556.00","$7,768.00"
0,Iowa,19,Woodbury County,193,3,19193000300,"$56,948.00","$15,970.00"
0,Iowa,19,Woodbury County,193,4,19193000400,"$73,051.00","$4,113.00"
0,Iowa,19,Woodbury County,193,5,19193000500,"$55,946.00","$7,816.00"
0,Iowa,19,Woodbury County,193,6,19193000600,"$36,458.00","$6,524.00"
0,Iowa,19,Woodbury County,193,7,19193000700,"$50,323.00","$5,785.00"
0,Iowa,19,Woodbury County,193,8,19193000800,"$41,545.00","$5,920.00"
0,Iowa,19,Woodbury County,193,9,19193000900,"$51,964.00","$12,289.00"
0,Iowa,19,Woodbury County,193,10,19193001000,"$30,594.00","$4,639.00"
0,Iowa,19,Woodbury County,193,11,19193001100,"$35,225.00","$6,470.00"
0,Iowa,19,Woodbury County,193,12,19193001200,"$27,363.00","$4,133.00"
0,Iowa,19,Woodbury County,193,13,19193001300,"$17,401.00","$15,668.00"
0,Iowa,19,Woodbury County,193,14,19193001400,"$33,669.00","$9,555.00"
0,Iowa,19,Woodbury County,193,15,19193001500,"$20,760.00","$3,259.00"
0,Iowa,19,Woodbury County,193,18,19193001800,"$43,290.00","$5,466.00"
0,Iowa,19,Woodbury County,193,19,19193001900,"$46,932.00","$9,065.00"
0,Iowa,19,Woodbury County,193,20,19193002000,"$50,337.00","$9,455.00"
0,Iowa,19,Woodbury County,193,21.01,19193002101,"$67,410.00","$6,734.00"
0,Iowa,19,Woodbury County,193,21.02,19193002102,"$61,218.00","$8,608.00"
0,Iowa,19,Woodbury County,193,31,19193003100,"$46,835.00","$3,211.00"
0,Iowa,19,Woodbury County,193,32,19193003200,"$66,418.00","$3,116.00"
0,Iowa,19,Woodbury County,193,33,19193003300,"$81,944.00","$9,765.00"
0,Iowa,19,Woodbury County,193,35,19193003500,"$61,607.00","$4,882.00"
0,Iowa,19,Woodbury County,193,36,19193003600,"$19,647.00","$3,984.00"
0,Iowa,19,Woodbury County,193,9402,19193940200,,
0,Iowa,19,Worth County,195,6901,19195690100,"$41,055.00","$7,212.00"
0,Iowa,19,Worth County,195,6902,19195690200,"$57,104.00","$9,124.00"
0,Iowa,19,Worth County,195,6903,19195690300,"$43,977.00","$7,885.00"
0,Iowa,19,Wright County,197,6801,19197680100,"$47,917.00","$6,928.00"
0,Iowa,19,Wright County,197,6802,19197680200,"$47,656.00","$6,802.00"
0,Iowa,19,Wright County,197,6803,19197680300,"$40,039.00","$5,625.00"
0,Iowa,19,Wright County,197,6804,19197680400,"$45,469.00","$9,451.00"
0,Iowa,19,Wright County,197,6805,19197680500,"$40,675.00","$5,607.00"
